Country Name,Country Code,Indicator Name,Indicator Code,1960,1961,1962,1963,1964,1965,1966,1967,1968,1969,1970,1971,1972,1973,1974,1975,1976,1977,1978,1979,1980,1981,1982,1983,1984,1985,1986,1987,1988,1989,1990,1991,1992,1993,1994,1995,1996,1997,1998,1999,2000,2001,2002,2003,2004,2005,2006,2007,2008,2009,2010,2011,2012,2013,2014,2015,2016,2017,2018,2019,2020,2021
Aruba,ABW,Trained teachers in lower secondary education (% of total teachers),SE.SEC.TCAQ.LO.ZS,,,,,,,,,,,,,,,,,,,,,,,,,,,,,,,,,,,,,,,,,,,,,,,,,,,,,,,,,,,,,,
Africa Eastern and Southern,AFE,Trained teachers in lower secondary education (% of total teachers),SE.SEC.TCAQ.LO.ZS,,,,,,,,,,,,,,,,,,,,,,,,,,,,,,,,,,,,,,,,,,,,,,,,,,,,,,,,,,,,,,
Afghanistan,AFG,Trained teachers in lower secondary education (% of total teachers),SE.SEC.TCAQ.LO.ZS,,,,,,,,,,,,,,,,,,,,,,,,,,,,,,,,,,,,,,,,,,,,,,,,,,,,,,,,,,,,,,
Africa Western and Central,AFW,Trained teachers in lower secondary education (% of total teachers),SE.SEC.TCAQ.LO.ZS,,,,,,,,,,,,,,,,,,,,,,,,,,,,,,,,,,,,,,,,,,,,,,75.08966827,70.5045166,57.36674118,58.50463104,62.65317917,66.91253662,56.65969086,60.77112961,52.8776207,56.11613083,57.82281876,61.48096085,60.99100113,62.49837875,64.97863007,,
Angola,AGO,Trained teachers in lower secondary education (% of total teachers),SE.SEC.TCAQ.LO.ZS,,,,,,,,,,,,,,,,,,,,,,,,,,,,,,,,,,,,,,,,,,,,,,,,,,,,,,,,53.52528,,,,,,
Albania,ALB,Trained teachers in lower secondary education (% of total teachers),SE.SEC.TCAQ.LO.ZS,,,,,,,,,,,,,,,,,,,,,,,,,,,,,,,,,,,,,,,,,,,,,,,,,,,,,,,,,,,55.97000122,,51.32635117,70.55422974
Andorra,AND,Trained teachers in lower secondary education (% of total teachers),SE.SEC.TCAQ.LO.ZS,,,,,,,,,,,,,,,,,,,,,,,,,,,,,,,,,,,,,,,,,,,,,,,100,,,100,100,100,100,,,,,,,,,
Arab World,ARB,Trained teachers in lower secondary education (% of total teachers),SE.SEC.TCAQ.LO.ZS,,,,,,,,,,,,,,,,,,,,,,,,,,,,,,,,,,,,,,,,,,,,,,,,,,,,,82.89038086,81.58188629,83.80982971,84.02407074,82.64380646,85.52742767,87.81694794,87.88548279,88.26125336,
United Arab Emirates,ARE,Trained teachers in lower secondary education (% of total teachers),SE.SEC.TCAQ.LO.ZS,,,,,,,,,,,,,,,,,,,,,,,,,,,,,,,,,,,,,,,,53.53728104,51.44807816,53.72340012,53.31341934,,49.77198029,49.24779892,,,,,,,,,,100,100,,,100,100,
Argentina,ARG,Trained teachers in lower secondary education (% of total teachers),SE.SEC.TCAQ.LO.ZS,,,,,,,,,,,,,,,,,,,,,,,,,,,,,,,,,,,,,,,,,,,,,,,,,,,,,,,,,,,,,,
Armenia,ARM,Trained teachers in lower secondary education (% of total teachers),SE.SEC.TCAQ.LO.ZS,,,,,,,,,,,,,,,,,,,,,,,,,,,,,,,,,,,,,,,,,,,,,,,,,,,,,,,,,,,,73.59893799,75.12090302,73.82227325
American Samoa,ASM,Trained teachers in lower secondary education (% of total teachers),SE.SEC.TCAQ.LO.ZS,,,,,,,,,,,,,,,,,,,,,,,,,,,,,,,,,,,,,,,,,,,,,,,,,,,,,,,,,,,,,,
Antigua and Barbuda,ATG,Trained teachers in lower secondary education (% of total teachers),SE.SEC.TCAQ.LO.ZS,,,,,,,,,,,,,,,,,,,,,,,,,,,,,,,,,,,,,,,,,40.6593399,,,,,,,,50.43328094,38.15789032,38.21138,,,,,,,,,,,
Australia,AUS,Trained teachers in lower secondary education (% of total teachers),SE.SEC.TCAQ.LO.ZS,,,,,,,,,,,,,,,,,,,,,,,,,,,,,,,,,,,,,,,,,,,,,,,,,,,,,,,,,,,,,,
Austria,AUT,Trained teachers in lower secondary education (% of total teachers),SE.SEC.TCAQ.LO.ZS,,,,,,,,,,,,,,,,,,,,,,,,,,,,,,,,,,,,,,,,,,,,,,,,,,,,,,,,,,,,,,
Azerbaijan,AZE,Trained teachers in lower secondary education (% of total teachers),SE.SEC.TCAQ.LO.ZS,,,,,,,,,,,,,,,,,,,,,,,,,,,,,,,,,,,,,,,,,,,,,,,,,,,,,,,,,91.5951767,97.62284088,99.76004028,99.59416199,99.66223907,99.55177307
Burundi,BDI,Trained teachers in lower secondary education (% of total teachers),SE.SEC.TCAQ.LO.ZS,,,,,,,,,,,,,,,,,,,,,,,,,,,,,,,,,,,,,,,,,,,,,,,,,,,,,,,,100,,,100,70.37406158,,
Belgium,BEL,Trained teachers in lower secondary education (% of total teachers),SE.SEC.TCAQ.LO.ZS,,,,,,,,,,,,,,,,,,,,,,,,,,,,,,,,,,,,,,,,,,,,,,,,,,,,,,,,,,,,,,
Benin,BEN,Trained teachers in lower secondary education (% of total teachers),SE.SEC.TCAQ.LO.ZS,,,,,,,,,,,,,,,,,,,,,,,,,,,,,,,,,,,,,,,,,39.21395111,,,,,,,,,,,,,,,,,,,,,
Burkina Faso,BFA,Trained teachers in lower secondary education (% of total teachers),SE.SEC.TCAQ.LO.ZS,,,,,,,,,,,,,,,,,,,,,,,,,,,,,,,,,,,,,,,,,,,,,,,,,,49.88803864,,,,,,,,58.23323822,59.74995041,60.83198929,63.98461151,
Bangladesh,BGD,Trained teachers in lower secondary education (% of total teachers),SE.SEC.TCAQ.LO.ZS,,,,,,,,,,,,,,,,,,,,,,,,,,,,,,,,,,,,,,,36.24971008,36.288311,36.84012985,35.50984955,37.08539963,36.95973969,37.61241913,,,44.50925827,57.14402008,57.44478989,58.48946381,59.66980743,59.65633774,59.61320114,,,,,,,62.14077759,62.71002579
Bulgaria,BGR,Trained teachers in lower secondary education (% of total teachers),SE.SEC.TCAQ.LO.ZS,,,,,,,,,,,,,,,,,,,,,,,,,,,,,,,,,,,,,,,,,,,,,,,,,,,,,,,,,,,,,,
Bahrain,BHR,Trained teachers in lower secondary education (% of total teachers),SE.SEC.TCAQ.LO.ZS,,,,,,,,,,,,,,,,,,,,,,,,,,,,,,,,,,,,,,,,,,,,,,,,,,,,80.23934937,82.19608307,82.4135437,82.74723053,82.66484833,84.21504211,84.27741241,100,100,100,
"Bahamas, The",BHS,Trained teachers in lower secondary education (% of total teachers),SE.SEC.TCAQ.LO.ZS,,,,,,,,,,,,,,,,,,,,,,,,,,,,,,,,,,,,,,,,,,,100,,,89.51455688,89.01180267,85.2702713,86.57025146,82.5242691,89.00203705,80.5734787,86.38542938,77.54918671,81.04575348,82.55319214,83.33332825,82.55319214,80.98329926,85.18173218,,
Bosnia and Herzegovina,BIH,Trained teachers in lower secondary education (% of total teachers),SE.SEC.TCAQ.LO.ZS,,,,,,,,,,,,,,,,,,,,,,,,,,,,,,,,,,,,,,,,,,,,,,,,,,,,,,,,,,,,,,
Belarus,BLR,Trained teachers in lower secondary education (% of total teachers),SE.SEC.TCAQ.LO.ZS,,,,,,,,,,,,,,,,,,,,,,,,,,,,,,,,,,,,,,,,,,,,,,,,,,,,,,98.04022217,98.14112091,97.99906921,98.15695953,98.56951141,98.71772766,98.78463745,98.68615723,98.7525177
Belize,BLZ,Trained teachers in lower secondary education (% of total teachers),SE.SEC.TCAQ.LO.ZS,,,,,,,,,,,,,,,,,,,,,,,,,,,,,,,,,,,,,,,,,54.33673096,38.52555847,,40.88936996,43.05799866,,36.51684952,38.62392044,36.40483093,35.50725174,38.99721146,,41.9396286,38.14839172,,49.88277054,58.03627014,,62.36619949,66.13082123,70.33944702,71.04543304
Bermuda,BMU,Trained teachers in lower secondary education (% of total teachers),SE.SEC.TCAQ.LO.ZS,,,,,,,,,,,,,,,,,,,,,,,,,,,,,,,,,,,,,,,,,,100,100,100,100,100,100,,,,,100,100,,100,,100,,,,,
Bolivia,BOL,Trained teachers in lower secondary education (% of total teachers),SE.SEC.TCAQ.LO.ZS,,,,,,,,,,,,,,,,,,,,,,,,,,,,,,,,,,,,,,,,,,,,,,,,,,,,,,,,,,,,,,
Brazil,BRA,Trained teachers in lower secondary education (% of total teachers),SE.SEC.TCAQ.LO.ZS,,,,,,,,,,,,,,,,,,,,,,,,,,,,,,,,,,,,,,,,,,,,,,,,,,,,,,,,,,,,75.98107147,76.62008667,
Barbados,BRB,Trained teachers in lower secondary education (% of total teachers),SE.SEC.TCAQ.LO.ZS,,,,,,,,,,,,,,,,,,,,,,,,,,,,,,,,,,,,,,,,,,,,,,,,,,,,,,,,52.21842957,54.76190186,47.54098129,48.81169891,51.92660904,52.18854904,51.31578827
Brunei Darussalam,BRN,Trained teachers in lower secondary education (% of total teachers),SE.SEC.TCAQ.LO.ZS,,,,,,,,,,,,,,,,,,,,,,,,,,,,,,,,,,,,,,,,,,,,,,,,,,,,,,,93.96671295,83.99715424,92.62411499,92.12598419,91.20879364,89.52179718,,
Bhutan,BTN,Trained teachers in lower secondary education (% of total teachers),SE.SEC.TCAQ.LO.ZS,,,,,,,,,,,,,,,,,,,,,,,,,,,,,,,,,,,,,,,100,100,,,,,,93.47622681,91.96354675,,90.22222137,,,,,,,100,100,100,100,,100,
Botswana,BWA,Trained teachers in lower secondary education (% of total teachers),SE.SEC.TCAQ.LO.ZS,,,,,,,,,,,,,,,,,,,,,,,,,,,,,,,,,,,,,,,,,,,,,,,,,,,,,,,,,,,,,,
Central African Republic,CAF,Trained teachers in lower secondary education (% of total teachers),SE.SEC.TCAQ.LO.ZS,,,,,,,,,,,,,,,,,,,,,,,,,,,,,,,,,,,,,,,,,,,,,,,,,,,,,,,,,,,,,,
Canada,CAN,Trained teachers in lower secondary education (% of total teachers),SE.SEC.TCAQ.LO.ZS,,,,,,,,,,,,,,,,,,,,,,,,,,,,,,,,,,,,,,,,,,,,,,,,,,,,,,,,,,,,,,
Central Europe and the Baltics,CEB,Trained teachers in lower secondary education (% of total teachers),SE.SEC.TCAQ.LO.ZS,,,,,,,,,,,,,,,,,,,,,,,,,,,,,,,,,,,,,,,,,,,,,,,,,,,,89.08058929,89.08673096,89.57685852,89.94743347,89.88052368,89.32106781,89.39984894,,89.09040833,72.95739746,
Switzerland,CHE,Trained teachers in lower secondary education (% of total teachers),SE.SEC.TCAQ.LO.ZS,,,,,,,,,,,,,,,,,,,,,,,,,,,,,,,,,,,,,,,,,,,,,,,,,,,,,,,,,,,,,,
Channel Islands,CHI,Trained teachers in lower secondary education (% of total teachers),SE.SEC.TCAQ.LO.ZS,,,,,,,,,,,,,,,,,,,,,,,,,,,,,,,,,,,,,,,,,,,,,,,,,,,,,,,,,,,,,,
Chile,CHL,Trained teachers in lower secondary education (% of total teachers),SE.SEC.TCAQ.LO.ZS,,,,,,,,,,,,,,,,,,,,,,,,,,,,,,,,,,,,,,,,,,,,,,,,,,,,,,,,,,,,,,
China,CHN,Trained teachers in lower secondary education (% of total teachers),SE.SEC.TCAQ.LO.ZS,,,,,,,,,,,,,,,,,,,,,,,,,,,,,,,,,,,,,,,,,,,,,,,,,,,,,,,,,,,,,,
Cote d'Ivoire,CIV,Trained teachers in lower secondary education (% of total teachers),SE.SEC.TCAQ.LO.ZS,,,,,,,,,,,,,,,,,,,,,,,,,,,,,,,,,,,,,,,,,,,,,,,,,,,,,,,,,,,,,,
Cameroon,CMR,Trained teachers in lower secondary education (% of total teachers),SE.SEC.TCAQ.LO.ZS,,,,,,,,,,,,,,,,,,,,,,,,,,,,,,,,,,,,,,,,,,,,,,,,,,,,,,33.01314926,,50.0297699,,,,,,
"Congo, Dem. Rep.",COD,Trained teachers in lower secondary education (% of total teachers),SE.SEC.TCAQ.LO.ZS,,,,,,,,,,,,,,,,,,,,,,,,,,,,,,,,,,,,,,,,,,,,,,,,,,,,,,,,,,,,,,
"Congo, Rep.",COG,Trained teachers in lower secondary education (% of total teachers),SE.SEC.TCAQ.LO.ZS,,,,,,,,,,,,,,,,,,,,,,,,,,,,,,,,,,,,,,,,,,,,,,,,,,,,,47.90118027,,,,,,56.58337402,,,
Colombia,COL,Trained teachers in lower secondary education (% of total teachers),SE.SEC.TCAQ.LO.ZS,,,,,,,,,,,,,,,,,,,,,,,,,,,,,,,,,,,,,,,,,,,,,,,,96.3453598,,96.33589172,96.34799957,97.07383728,97.35646057,98.3775177,98.98532867,97.28993225,98.00615692,98.19228363,,99.11161804,97.99062347,
Comoros,COM,Trained teachers in lower secondary education (% of total teachers),SE.SEC.TCAQ.LO.ZS,,,,,,,,,,,,,,,,,,,,,,,,,,,,,,,,,,,,,,,,,,,,55.66131973,,,,,,,,77.88504028,,,,,,,,,,
Cabo Verde,CPV,Trained teachers in lower secondary education (% of total teachers),SE.SEC.TCAQ.LO.ZS,,,,,,,,,,,,,,,,,,,,,,,,,,,,,,,,,,,,,,,,,,,,,,,,58.57143021,64.01210022,67.96601868,67.53565979,,75.80188751,,77.24523163,,,94.07302094,95.80078125,95.60649109,,
Costa Rica,CRI,Trained teachers in lower secondary education (% of total teachers),SE.SEC.TCAQ.LO.ZS,,,,,,,,,,,,,,,,,,,,,,,,,,,,,,,,,,,,,,,,80.3688736,,84.65016174,83.72505188,,,,80.16825867,85.58595276,83.40924072,86.22055817,88.01706696,89.75235748,,95.99375916,95.99498749,96.74983978,96.36435699,95.42066193,96.10211945,97.0271225,96.76300049,
Caribbean small states,CSS,Trained teachers in lower secondary education (% of total teachers),SE.SEC.TCAQ.LO.ZS,,,,,,,,,,,,,,,,,,,,,,,,,,,,,,,,,,,,,,,,,,,65.25012207,63.3382988,64.10102081,61.02593994,61.21837997,58.53966141,55.6835289,55.11585999,58.56343842,58.84967041,,60.48802185,,,,,,,,
Cuba,CUB,Trained teachers in lower secondary education (% of total teachers),SE.SEC.TCAQ.LO.ZS,,,,,,,,,,,,,,,,,,,,,,,,,,,,,,,,,,,,,,,,94.55970001,86.64102936,94.47183228,85.77861786,83.95458221,76.96437836,100,100,100,100,100,100,100,100,100,100,100,100,100,100,100,100,100
Curacao,CUW,Trained teachers in lower secondary education (% of total teachers),SE.SEC.TCAQ.LO.ZS,,,,,,,,,,,,,,,,,,,,,,,,,,,,,,,,,,,,,,,,,,,,,,,,,,,,,,,,,,,,,,
Cayman Islands,CYM,Trained teachers in lower secondary education (% of total teachers),SE.SEC.TCAQ.LO.ZS,,,,,,,,,,,,,,,,,,,,,,,,,,,,,,,,,,,,,,,,100,100,100,100,,99.08257294,99.2857132,100,,,,,99.4594574,99,,,,,,100,,100,
Cyprus,CYP,Trained teachers in lower secondary education (% of total teachers),SE.SEC.TCAQ.LO.ZS,,,,,,,,,,,,,,,,,,,,,,,,,,,,,,,,,,,,,,,,,,,,,,,,,,,,,,,,,,,,,,
Czechia,CZE,Trained teachers in lower secondary education (% of total teachers),SE.SEC.TCAQ.LO.ZS,,,,,,,,,,,,,,,,,,,,,,,,,,,,,,,,,,,,,,,,,,,,,,,,,,,,,,,,,,,,,,
Germany,DEU,Trained teachers in lower secondary education (% of total teachers),SE.SEC.TCAQ.LO.ZS,,,,,,,,,,,,,,,,,,,,,,,,,,,,,,,,,,,,,,,,,,,,,,,,,,,,,,,,,,,,,,
Djibouti,DJI,Trained teachers in lower secondary education (% of total teachers),SE.SEC.TCAQ.LO.ZS,,,,,,,,,,,,,,,,,,,,,,,,,,,,,,,,,,,,,,,,,,,,,,,,,,,,100,,,100,100,,,,,,
Dominica,DMA,Trained teachers in lower secondary education (% of total teachers),SE.SEC.TCAQ.LO.ZS,,,,,,,,,,,,,,,,,,,,,,,,,,,,,,,,,,,,,,,,31.25,31.49605942,31.57895088,40,27.86377907,36.30572891,30.98591995,26.72064972,37.64706039,31.81818008,32.39437103,33.67697906,37.01068115,,,46.15385056,,48.37545013,,,,,
Denmark,DNK,Trained teachers in lower secondary education (% of total teachers),SE.SEC.TCAQ.LO.ZS,,,,,,,,,,,,,,,,,,,,,,,,,,,,,,,,,,,,,,,,,,,,,,,,,,,,,,,,,,,,,,
Dominican Republic,DOM,Trained teachers in lower secondary education (% of total teachers),SE.SEC.TCAQ.LO.ZS,,,,,,,,,,,,,,,,,,,,,,,,,,,,,,,,,,,,,,,,,,,,,64.08960724,88.26851654,88.31047058,88.2698822,88.81456757,72.26777649,85.02021027,85.12184906,85.23895264,81.26828003,81.28488159,88.1076889,,,,,,100
Algeria,DZA,Trained teachers in lower secondary education (% of total teachers),SE.SEC.TCAQ.LO.ZS,,,,,,,,,,,,,,,,,,,,,,,,,,,,,,,,,,,,,,,,,,,,,,,,,,,,,,,,,,,,,,
East Asia & Pacific (excluding high income),EAP,Trained teachers in lower secondary education (% of total teachers),SE.SEC.TCAQ.LO.ZS,,,,,,,,,,,,,,,,,,,,,,,,,,,,,,,,,,,,,,,,,,,,,,,,,,,,,,,,,,,,,,
Early-demographic dividend,EAR,Trained teachers in lower secondary education (% of total teachers),SE.SEC.TCAQ.LO.ZS,,,,,,,,,,,,,,,,,,,,,,,,,,,,,,,,,,,,,,,,,,,,,,,,,,,,,,,,84.4524765,80.66082001,80.73137665,79.96315765,80.58796692,81.54991913,
East Asia & Pacific,EAS,Trained teachers in lower secondary education (% of total teachers),SE.SEC.TCAQ.LO.ZS,,,,,,,,,,,,,,,,,,,,,,,,,,,,,,,,,,,,,,,,,,,,,,,,,,,,,,,,,,,,,,
Europe & Central Asia (excluding high income),ECA,Trained teachers in lower secondary education (% of total teachers),SE.SEC.TCAQ.LO.ZS,,,,,,,,,,,,,,,,,,,,,,,,,,,,,,,,,,,,,,,,,,,,,,,,,,,,,,,,,,,,,,
Europe & Central Asia,ECS,Trained teachers in lower secondary education (% of total teachers),SE.SEC.TCAQ.LO.ZS,,,,,,,,,,,,,,,,,,,,,,,,,,,,,,,,,,,,,,,,,,,,,,,,,,,,,,,,,,,,,,
Ecuador,ECU,Trained teachers in lower secondary education (% of total teachers),SE.SEC.TCAQ.LO.ZS,,,,,,,,,,,,,,,,,,,,,,,,,,,,,,,,,,,,,,,,,82.54258728,82.64913177,67.69204712,70.48870087,69.68299866,69.95353699,70.33383179,70.6101532,,,,,,,,,,,,77.29904938,77.65985107,
"Egypt, Arab Rep.",EGY,Trained teachers in lower secondary education (% of total teachers),SE.SEC.TCAQ.LO.ZS,,,,,,,,,,,,,,,,,,,,,,,,,,,,,,,,,,,,,,,,,,,,,,,,,,,,,,,,,69.12415314,,83.2707901,84.54279327,,
Euro area,EMU,Trained teachers in lower secondary education (% of total teachers),SE.SEC.TCAQ.LO.ZS,,,,,,,,,,,,,,,,,,,,,,,,,,,,,,,,,,,,,,,,,,,,,,,,,,,,,,,,,,,,,,
Eritrea,ERI,Trained teachers in lower secondary education (% of total teachers),SE.SEC.TCAQ.LO.ZS,,,,,,,,,,,,,,,,,,,,,,,,,,,,,,,,,,,,,,,,37.74834061,49.16159058,49.6731987,29.88882065,31.41263962,28.24632072,28.90975952,28.46245956,36.76351929,41.95178986,54.44511032,60.57064819,69.13947296,81.51020813,85.73623657,,,,,,,,
Spain,ESP,Trained teachers in lower secondary education (% of total teachers),SE.SEC.TCAQ.LO.ZS,,,,,,,,,,,,,,,,,,,,,,,,,,,,,,,,,,,,,,,,,,,100,100,100,100,100,100,100,100,100,100,100,100,100,100,100,100,100,100,100,
Estonia,EST,Trained teachers in lower secondary education (% of total teachers),SE.SEC.TCAQ.LO.ZS,,,,,,,,,,,,,,,,,,,,,,,,,,,,,,,,,,,,,,,,,,,,,,,,,,,,,,,,,,,,,,
Ethiopia,ETH,Trained teachers in lower secondary education (% of total teachers),SE.SEC.TCAQ.LO.ZS,,,,,,,,,,,,,,,,,,,,,,,,,,,,,,,,,,,,,,,,,,,,,,,,,64.62772369,73.37539673,53.50434875,65.81456757,,,,,,,,,,
European Union,EUU,Trained teachers in lower secondary education (% of total teachers),SE.SEC.TCAQ.LO.ZS,,,,,,,,,,,,,,,,,,,,,,,,,,,,,,,,,,,,,,,,,,,,,,,,,,,,,,,,,,,,,,
Fragile and conflict affected situations,FCS,Trained teachers in lower secondary education (% of total teachers),SE.SEC.TCAQ.LO.ZS,,,,,,,,,,,,,,,,,,,,,,,,,,,,,,,,,,,,,,,,,,,,,,,,,,,,73.74701691,75.13641357,70.652771,71.70095825,71.91488647,71.81078339,71.88889313,71.96961212,73.06121826,,
Finland,FIN,Trained teachers in lower secondary education (% of total teachers),SE.SEC.TCAQ.LO.ZS,,,,,,,,,,,,,,,,,,,,,,,,,,,,,,,,,,,,,,,,,,,,,,,,,,,,,,,,,,,,,,
Fiji,FJI,Trained teachers in lower secondary education (% of total teachers),SE.SEC.TCAQ.LO.ZS,,,,,,,,,,,,,,,,,,,,,,,,,,,,,,,,,,,,,,,,,,,,,,,,,,,,,100,,,,,,,,,
France,FRA,Trained teachers in lower secondary education (% of total teachers),SE.SEC.TCAQ.LO.ZS,,,,,,,,,,,,,,,,,,,,,,,,,,,,,,,,,,,,,,,,,,,,,,,,,,,,,,,,,,,,,,
Faroe Islands,FRO,Trained teachers in lower secondary education (% of total teachers),SE.SEC.TCAQ.LO.ZS,,,,,,,,,,,,,,,,,,,,,,,,,,,,,,,,,,,,,,,,,,,,,,,,,,,,,,,,,,,,,,
"Micronesia, Fed. Sts.",FSM,Trained teachers in lower secondary education (% of total teachers),SE.SEC.TCAQ.LO.ZS,,,,,,,,,,,,,,,,,,,,,,,,,,,,,,,,,,,,,,,,,,,,,,,,,,,,,,,5.017605782,6.274821281,7.356715202,,35.66978073,32.70547867,30.54003716,31.69734192
Gabon,GAB,Trained teachers in lower secondary education (% of total teachers),SE.SEC.TCAQ.LO.ZS,,,,,,,,,,,,,,,,,,,,,,,,,,,,,,,,,,,,,,,,,,,,,,,,,,,,,,,,,,,,,,
United Kingdom,GBR,Trained teachers in lower secondary education (% of total teachers),SE.SEC.TCAQ.LO.ZS,,,,,,,,,,,,,,,,,,,,,,,,,,,,,,,,,,,,,,,,,,,,,,,,,,,,,,,,,,,,,,
Georgia,GEO,Trained teachers in lower secondary education (% of total teachers),SE.SEC.TCAQ.LO.ZS,,,,,,,,,,,,,,,,,,,,,,,,,,,,,,,,,,,,,,,,,76.834198,,,,,,,,94.98828888,94.58567047,,,,,,,,,,,,
Ghana,GHA,Trained teachers in lower secondary education (% of total teachers),SE.SEC.TCAQ.LO.ZS,,,,,,,,,,,,,,,,,,,,,,,,,,,,,,,,,,,,,,,,83.65003204,80.0431366,78.98356628,78.63210297,73.61440277,80.40608215,70.72805023,73.85340118,67.626297,65.17188263,64.81539917,65.76000977,65.75792694,68.72808838,68.86467743,68.5149765,69.80592346,71.11457825,70.27828217,73.13340759,,,
Gibraltar,GIB,Trained teachers in lower secondary education (% of total teachers),SE.SEC.TCAQ.LO.ZS,,,,,,,,,,,,,,,,,,,,,,,,,,,,,,,,,,,,,,,,98.97959137,97.67442322,100,,,,,,,82.58065033,90.7142868,,,,,,,86.95652008,100,,,,
Guinea,GIN,Trained teachers in lower secondary education (% of total teachers),SE.SEC.TCAQ.LO.ZS,,,,,,,,,,,,,,,,,,,,,,,,,,,,,,,,,,,,,,,,,,,,,,,87.50424194,,88.85249329,,,,,,,,,,,,,
"Gambia, The",GMB,Trained teachers in lower secondary education (% of total teachers),SE.SEC.TCAQ.LO.ZS,,,,,,,,,,,,,,,,,,,,,,,,,,,,,,,,,,,,,,,,,,,,,,,,,,,,92.22873688,77.78225708,87.39067078,93.55872345,90.48983765,,94.21291351,100,95.30808258,,68.51763916
Guinea-Bissau,GNB,Trained teachers in lower secondary education (% of total teachers),SE.SEC.TCAQ.LO.ZS,,,,,,,,,,,,,,,,,,,,,,,,,,,,,,,,,,,,,,,,,,,,,,,,,,,,,,,,,,,,,,
Equatorial Guinea,GNQ,Trained teachers in lower secondary education (% of total teachers),SE.SEC.TCAQ.LO.ZS,,,,,,,,,,,,,,,,,,,,,,,,,,,,,,,,,,,,,,,,,,,,,,,,,,,,,,,,11.18500996,,,,,,
Greece,GRC,Trained teachers in lower secondary education (% of total teachers),SE.SEC.TCAQ.LO.ZS,,,,,,,,,,,,,,,,,,,,,,,,,,,,,,,,,,,,,,,,,,,,,,,,,,,,,,,,,,,,,,
Grenada,GRD,Trained teachers in lower secondary education (% of total teachers),SE.SEC.TCAQ.LO.ZS,,,,,,,,,,,,,,,,,,,,,,,,,,,,,,,,,,,,,,,,,,,,30.39999962,,33.38788986,,,,,,,,,39.91506958,41.95652008,42.76457977,44.61883163,46.11872101,,,
Greenland,GRL,Trained teachers in lower secondary education (% of total teachers),SE.SEC.TCAQ.LO.ZS,,,,,,,,,,,,,,,,,,,,,,,,,,,,,,,,,,,,,,,,,,,,,,,,,,,,,,,,,,,,,,
Guatemala,GTM,Trained teachers in lower secondary education (% of total teachers),SE.SEC.TCAQ.LO.ZS,,,,,,,,,,,,,,,,,,,,,,,,,,,,,,,,,,,,,,,,,,,,,,,,,,,,,,,,,,,,,,
Guam,GUM,Trained teachers in lower secondary education (% of total teachers),SE.SEC.TCAQ.LO.ZS,,,,,,,,,,,,,,,,,,,,,,,,,,,,,,,,,,,,,,,,,,,,,,,,,,,,,,,,,,,,,,
Guyana,GUY,Trained teachers in lower secondary education (% of total teachers),SE.SEC.TCAQ.LO.ZS,,,,,,,,,,,,,,,,,,,,,,,,,,,,,,,,,,,,,,,,,,,,56.95494843,,51.60290146,,,54.23971176,56.61605072,,,,,,,,,,,,
High income,HIC,Trained teachers in lower secondary education (% of total teachers),SE.SEC.TCAQ.LO.ZS,,,,,,,,,,,,,,,,,,,,,,,,,,,,,,,,,,,,,,,,,,,,,,,,,,,,,,,,,,,,87.19216156,85.68504333,
"Hong Kong SAR, China",HKG,Trained teachers in lower secondary education (% of total teachers),SE.SEC.TCAQ.LO.ZS,,,,,,,,,,,,,,,,,,,,,,,,,,,,,,,,,,,,,,,,,,,,,,,,,,,,,,,,,,,,,,
Honduras,HND,Trained teachers in lower secondary education (% of total teachers),SE.SEC.TCAQ.LO.ZS,,,,,,,,,,,,,,,,,,,,,,,,,,,,,,,,,,,,,,,,,,,,,65.36688995,,,,,,,,,,,,,,,,,
Heavily indebted poor countries (HIPC),HPC,Trained teachers in lower secondary education (% of total teachers),SE.SEC.TCAQ.LO.ZS,,,,,,,,,,,,,,,,,,,,,,,,,,,,,,,,,,,,,,,,,,,,,,,,,67.27008057,59.44242859,,61.62408066,59.31084824,,57.49948883,56.65628052,55.77795029,,,,,
Croatia,HRV,Trained teachers in lower secondary education (% of total teachers),SE.SEC.TCAQ.LO.ZS,,,,,,,,,,,,,,,,,,,,,,,,,,,,,,,,,,,,,,,,100,100,100,100,100,,,,,,,,,,,,,,,,,,
Haiti,HTI,Trained teachers in lower secondary education (% of total teachers),SE.SEC.TCAQ.LO.ZS,,,,,,,,,,,,,,,,,,,,,,,,,,,,,,,,,,,,,,,,,,,,,,,,,,,,,,,,,,,,,,
Hungary,HUN,Trained teachers in lower secondary education (% of total teachers),SE.SEC.TCAQ.LO.ZS,,,,,,,,,,,,,,,,,,,,,,,,,,,,,,,,,,,,,,,,,,,,,,,,,,,,,,,,,,,,,,
IBRD only,IBD,Trained teachers in lower secondary education (% of total teachers),SE.SEC.TCAQ.LO.ZS,,,,,,,,,,,,,,,,,,,,,,,,,,,,,,,,,,,,,,,,,,,,,,,,,,,,,,,,,86.3139267,86.99176788,85.99047852,86.28742981,86.34050751,
IDA & IBRD total,IBT,Trained teachers in lower secondary education (% of total teachers),SE.SEC.TCAQ.LO.ZS,,,,,,,,,,,,,,,,,,,,,,,,,,,,,,,,,,,,,,,,,,,,,,,,,,,,,,,,,82.86219025,83.02829742,82.52738953,83.08405304,83.0345993,
IDA total,IDA,Trained teachers in lower secondary education (% of total teachers),SE.SEC.TCAQ.LO.ZS,,,,,,,,,,,,,,,,,,,,,,,,,,,,,,,,,,,,,,,,,,,,,,79.6023407,78.10547638,75.34578705,76.60523987,74.18263245,77.37355042,74.45342255,73.75926208,69.54389191,67.45123291,67.07003021,67.23938751,65.94445801,67.46353912,68.14452362,68.0243988,
IDA blend,IDB,Trained teachers in lower secondary education (% of total teachers),SE.SEC.TCAQ.LO.ZS,,,,,,,,,,,,,,,,,,,,,,,,,,,,,,,,,,,,,,,,,,,,,,,,,,,,,81.80966187,72.0725708,70.73236084,70.54463196,72.01909637,69.98078918,70.69297791,72.52529144,72.7095871,
Indonesia,IDN,Trained teachers in lower secondary education (% of total teachers),SE.SEC.TCAQ.LO.ZS,,,,,,,,,,,,,,,,,,,,,,,,,,,,,,,,,,,,,,,,,,,,,,,,,,,,,,,,,,,,,,
IDA only,IDX,Trained teachers in lower secondary education (% of total teachers),SE.SEC.TCAQ.LO.ZS,,,,,,,,,,,,,,,,,,,,,,,,,,,,,,,,,,,,,,60.56673813,74.37122345,73.95648193,73.97955322,72.30445862,72.00328827,71.35339355,73.18003845,70.47718048,70.83071899,69.99073029,71.57350922,66.61055756,69.25531006,69.60054779,68.82617188,67.74095917,65.04634094,64.51979828,63.83588028,62.97927856,64.99169159,64.88804626,,
Isle of Man,IMN,Trained teachers in lower secondary education (% of total teachers),SE.SEC.TCAQ.LO.ZS,,,,,,,,,,,,,,,,,,,,,,,,,,,,,,,,,,,,,,,,,,,,,,,,,,,,,,,,,,,,,,
India,IND,Trained teachers in lower secondary education (% of total teachers),SE.SEC.TCAQ.LO.ZS,,,,,,,,,,,,,,,,,,,,,,,,,,,,,,,,,,,,,,,,,,,,,,,,,,,,,,,,,76.99333954,76.57987213,,75.03297424,78.93426514,88.30799103
Not classified,INX,Trained teachers in lower secondary education (% of total teachers),SE.SEC.TCAQ.LO.ZS,,,,,,,,,,,,,,,,,,,,,,,,,,,,,,,,,,,,,,,,,,,,,,,,,,,,,,,,,,,,,,
Ireland,IRL,Trained teachers in lower secondary education (% of total teachers),SE.SEC.TCAQ.LO.ZS,,,,,,,,,,,,,,,,,,,,,,,,,,,,,,,,,,,,,,,,,,,,,,,,,,,,,,,,,,,,,,
"Iran, Islamic Rep.",IRN,Trained teachers in lower secondary education (% of total teachers),SE.SEC.TCAQ.LO.ZS,,,,,,,,,,,,,,,,,,,,,,,,,,,,,,,,,,,,,,,,,,,,,100,100,,,,,,,,100,100,100,100,100,,,,
Iraq,IRQ,Trained teachers in lower secondary education (% of total teachers),SE.SEC.TCAQ.LO.ZS,,,,,,,,,,,,,,,,,,,,,,,,,,,,,,,,,,,,,,,,,100,,,,100,,,,,,,,,,,,,,,,,
Iceland,ISL,Trained teachers in lower secondary education (% of total teachers),SE.SEC.TCAQ.LO.ZS,,,,,,,,,,,,,,,,,,,,,,,,,,,,,,,,,,,,,,,,,,,,,,,,,,,,,,,,,,,,,,
Israel,ISR,Trained teachers in lower secondary education (% of total teachers),SE.SEC.TCAQ.LO.ZS,,,,,,,,,,,,,,,,,,,,,,,,,,,,,,,,,,,,,,,,,,,,,,,,,,,,,,,,,,,,,,
Italy,ITA,Trained teachers in lower secondary education (% of total teachers),SE.SEC.TCAQ.LO.ZS,,,,,,,,,,,,,,,,,,,,,,,,,,,,,,,,,,,,,,,,,,,,,,,,,,,,,,,,,,,,,,
Jamaica,JAM,Trained teachers in lower secondary education (% of total teachers),SE.SEC.TCAQ.LO.ZS,,,,,,,,,,,,,,,,,,,,,,,,,,,,,,,,,,,,,,,,,,,,,,,,,,,,,,,,,,,,,,
Jordan,JOR,Trained teachers in lower secondary education (% of total teachers),SE.SEC.TCAQ.LO.ZS,,,,,,,,,,,,,,,,,,,,,,,,,,,,,,,,,,,,,,,,,,,,,,,,,,,,,,,100,,,100,100,100,100,100
Japan,JPN,Trained teachers in lower secondary education (% of total teachers),SE.SEC.TCAQ.LO.ZS,,,,,,,,,,,,,,,,,,,,,,,,,,,,,,,,,,,,,,,,,,,,,,,,,,,,,,,,,,,,,,
Kazakhstan,KAZ,Trained teachers in lower secondary education (% of total teachers),SE.SEC.TCAQ.LO.ZS,,,,,,,,,,,,,,,,,,,,,,,,,,,,,,,,,,,,,,,,,,,,,,,,,,,,,,,,,,,,,,
Kenya,KEN,Trained teachers in lower secondary education (% of total teachers),SE.SEC.TCAQ.LO.ZS,,,,,,,,,,,,,,,,,,,,,,,,,,,,,,,,,,,,,,,,,,,,,98.63400269,98.91307068,99.43553162,98.69772339,98.41596222,96.80628967,,,,,,,,,,,,
Kyrgyz Republic,KGZ,Trained teachers in lower secondary education (% of total teachers),SE.SEC.TCAQ.LO.ZS,,,,,,,,,,,,,,,,,,,,,,,,,,,,,,,,,,,,,,,,,,,,,,,,,,,,,,,,,,,,,,
Cambodia,KHM,Trained teachers in lower secondary education (% of total teachers),SE.SEC.TCAQ.LO.ZS,,,,,,,,,,,,,,,,,,,,,,,,,,,,,,,,,,,,,,,,,,99.72989655,99.71533966,,99.94658661,99.89076233,99.20809174,99.15657043,98.76792145,98.51174164,99.75855255,,100,100,100,100,100,100,100,100,100,100
Kiribati,KIR,Trained teachers in lower secondary education (% of total teachers),SE.SEC.TCAQ.LO.ZS,,,,,,,,,,,,,,,,,,,,,,,,,,,,,,,,,,,,,,,,,,,,,,83.58586121,60.96257019,76.5,79.22705078,,,,,,86.73739624,69.04762268,69.72222137,,,,85.85366058,
St. Kitts and Nevis,KNA,Trained teachers in lower secondary education (% of total teachers),SE.SEC.TCAQ.LO.ZS,,,,,,,,,,,,,,,,,,,,,,,,,,,,,,,,,,,,,,,,,,,40.37036896,39.47367859,35.42435074,39.02439117,,39.73064041,35.60606003,49.6598587,49.1525383,55.59999847,53.33332825,,,,,,,,,
"Korea, Rep.",KOR,Trained teachers in lower secondary education (% of total teachers),SE.SEC.TCAQ.LO.ZS,,,,,,,,,,,,,,,,,,,,,,,,,,,,,,,,,,,,,,,,,100,100,100,100,100,100,100,100,100,100,100,100,100,100,100,100,100,100,100,100,100,
Kuwait,KWT,Trained teachers in lower secondary education (% of total teachers),SE.SEC.TCAQ.LO.ZS,,,,,,,,,,,,,,,,,,,,,,,,,,,,,,,,,,,,,,,,,100,100,,,100,,,100,100,,,,79.14431,,,,,,,,,100
Latin America & Caribbean (excluding high income),LAC,Trained teachers in lower secondary education (% of total teachers),SE.SEC.TCAQ.LO.ZS,,,,,,,,,,,,,,,,,,,,,,,,,,,,,,,,,,,,,,,,,,,,,,,75.63358307,82.4263916,79.49787903,80.12747955,79.71105194,79.94767761,79.72080994,80.06223297,,,,,80.47428131,80.25663757,80.90310669,
Lao PDR,LAO,Trained teachers in lower secondary education (% of total teachers),SE.SEC.TCAQ.LO.ZS,,,,,,,,,,,,,,,,,,,,,,,,,,,,,,,,,,,,,,,,98.05429077,98.51782227,97.32878113,97.04826355,98.12014008,98.51528931,91.03970337,96.79962158,,89.58368683,99.33196259,99.34713745,99.40425873,99.47415924,99.5858078,99.50272369,99.49620819,96.46432495,94.74931335,94.75127411,98.10470581,99.46208191,99.66110229
Lebanon,LBN,Trained teachers in lower secondary education (% of total teachers),SE.SEC.TCAQ.LO.ZS,,,,,,,,,,,,,,,,,,,,,,,,,,,,,,,,,,,,,,,,,,,,,,,,,,,,,,,,,,,,,,
Liberia,LBR,Trained teachers in lower secondary education (% of total teachers),SE.SEC.TCAQ.LO.ZS,,,,,,,,,,,,,,,,,,,,,,,,,,,,,,,,,,,,,,,,,,,,,,,55.11272812,,57.79047012,63.38932037,,60.38914871,,,60.43490982,62.49139023,,,,,30.51329994,
Libya,LBY,Trained teachers in lower secondary education (% of total teachers),SE.SEC.TCAQ.LO.ZS,,,,,,,,,,,,,,,,,,,,,,,,,,,,,,,,,,,,,,,,,,,,,,,,,,,,,,,,,,,,,,
St. Lucia,LCA,Trained teachers in lower secondary education (% of total teachers),SE.SEC.TCAQ.LO.ZS,,,,,,,,,,,,,,,,,,,,,,,,,,,,,,,,,,,,,,,,,,,,,,,,,,,,65.66163635,65.4545517,,,,,,,,,
Latin America & Caribbean,LCN,Trained teachers in lower secondary education (% of total teachers),SE.SEC.TCAQ.LO.ZS,,,,,,,,,,,,,,,,,,,,,,,,,,,,,,,,,,,,,,,,,,,,,,,,82.3225708,79.55731201,80.07839966,79.68985748,79.95906067,79.78838348,,,,,,80.43180847,80.21343994,80.88484192,
Least developed countries: UN classification,LDC,Trained teachers in lower secondary education (% of total teachers),SE.SEC.TCAQ.LO.ZS,,,,,,,,,,,,,,,,,,,,,,,,,,,,,,,,,,,,,,53.73106003,70.4466629,70.46987915,71.16171265,69.459198,69.13249207,68.20393372,70.17604065,67.32357788,67.82333374,67.26213074,69.77958679,64.09076691,67.61136627,68.23577118,67.17530823,66.53855133,63.87627029,62.61156082,61.75931931,60.76659012,62.71886826,62.99507141,63.78837967,
Low income,LIC,Trained teachers in lower secondary education (% of total teachers),SE.SEC.TCAQ.LO.ZS,,,,,,,,,,,,,,,,,,,,,,,,,,,,,,,,,,,,,,,,,,,,,,,,,,,,,,,,,,,,,,
Liechtenstein,LIE,Trained teachers in lower secondary education (% of total teachers),SE.SEC.TCAQ.LO.ZS,,,,,,,,,,,,,,,,,,,,,,,,,,,,,,,,,,,,,,,,,,,,,,,,,,,,,,,,,,,,,,
Sri Lanka,LKA,Trained teachers in lower secondary education (% of total teachers),SE.SEC.TCAQ.LO.ZS,,,,,,,,,,,,,,,,,,,,,,,,,,,,,,,,,,,,,,,,,,,,,,,,,,,,,,72.06185913,,86.13198853,81.37177277,84.5212326,81.45915222,80.76908875,83.74759674,
Lower middle income,LMC,Trained teachers in lower secondary education (% of total teachers),SE.SEC.TCAQ.LO.ZS,,,,,,,,,,,,,,,,,,,,,,,,,,,,,,,,,,,,,,,,,,,,,,,,,,,,,,,,83.23739624,80.02194977,79.58557892,78.63497162,79.82537842,81.0526886,
Low & middle income,LMY,Trained teachers in lower secondary education (% of total teachers),SE.SEC.TCAQ.LO.ZS,,,,,,,,,,,,,,,,,,,,,,,,,,,,,,,,,,,,,,,,,,,,,,,,,,,,,,,,,82.89781952,83.06195831,82.58603668,83.11506653,83.40447998,
Lesotho,LSO,Trained teachers in lower secondary education (% of total teachers),SE.SEC.TCAQ.LO.ZS,,,,,,,,,,,,,,,,,,,,,,,,,,,,,,,,,,,,,,,,,,,,,,,,,,,,,,,,,,,,,,
Late-demographic dividend,LTE,Trained teachers in lower secondary education (% of total teachers),SE.SEC.TCAQ.LO.ZS,,,,,,,,,,,,,,,,,,,,,,,,,,,,,,,,,,,,,,,,,,,,,,,,,,,,,,,,,,,,,,
Lithuania,LTU,Trained teachers in lower secondary education (% of total teachers),SE.SEC.TCAQ.LO.ZS,,,,,,,,,,,,,,,,,,,,,,,,,,,,,,,,,,,,,,,,,,,,,,,,,,,,,,,,,,,,,,
Luxembourg,LUX,Trained teachers in lower secondary education (% of total teachers),SE.SEC.TCAQ.LO.ZS,,,,,,,,,,,,,,,,,,,,,,,,,,,,,,,,,,,,,,,,,,,,,,,,,,,,,,,,,,,,,,
Latvia,LVA,Trained teachers in lower secondary education (% of total teachers),SE.SEC.TCAQ.LO.ZS,,,,,,,,,,,,,,,,,,,,,,,,,,,,,,,,,,,,,,,,,,,,,,,,,,,100,100,100,100,100,100,100,100,100,100,,
"Macao SAR, China",MAC,Trained teachers in lower secondary education (% of total teachers),SE.SEC.TCAQ.LO.ZS,,,,,,,,,,,,,,,,,,,,,,,,,,,,,,,,,,,,,,,,59.05963135,60.57691956,60.85232925,61.63462067,63.07691956,63.21334839,66.98944092,68.9777832,72.30371094,72.54733276,70.04991913,69.76171112,70.83672333,73.31606293,75.23246002,80,87.2923584,88.49629974,90.33078766,89.830513,91.39610291,93.02326202,93.64375305
St. Martin (French part),MAF,Trained teachers in lower secondary education (% of total teachers),SE.SEC.TCAQ.LO.ZS,,,,,,,,,,,,,,,,,,,,,,,,,,,,,,,,,,,,,,,,,,,,,,,,,,,,,,,,,,,,,,
Morocco,MAR,Trained teachers in lower secondary education (% of total teachers),SE.SEC.TCAQ.LO.ZS,,,,,,,,,,,,,,,,,,,,,,,,,,,,,,,,,,,,,,,,,,,,,,,,,,,,,,,,,,100,100,100,100,100
Monaco,MCO,Trained teachers in lower secondary education (% of total teachers),SE.SEC.TCAQ.LO.ZS,,,,,,,,,,,,,,,,,,,,,,,,,,,,,,,,,,,,,,,,,,,,,,,,,,,,,,,,,,,,66.53385925,77.88945007,75.10916901
Moldova,MDA,Trained teachers in lower secondary education (% of total teachers),SE.SEC.TCAQ.LO.ZS,,,,,,,,,,,,,,,,,,,,,,,,,,,,,,,,,,,,,,,,,,,,,,,,,,,,,,,,98.93708038,94.98361969,97.99819946,98.10929108,100,100,100
Madagascar,MDG,Trained teachers in lower secondary education (% of total teachers),SE.SEC.TCAQ.LO.ZS,,,,,,,,,,,,,,,,,,,,,,,,,,,,,,,,,,,,,,,,,,,,,,,,,,,,,,,21.93008995,,,21.55393982,22.3761692,21.85786057,,
Maldives,MDV,Trained teachers in lower secondary education (% of total teachers),SE.SEC.TCAQ.LO.ZS,,,,,,,,,,,,,,,,,,,,,,,,,,,,,,,,,,,,,,,75.33039856,79.19708252,76.30252075,84.56424713,83.0519104,,,84.71214294,96.25730896,89.72363281,94.94007874,95.56839752,97.63371277,98.37818146,93.09680176,98.92891693,92.80597687,93.28276825,94.7233429,96.81754303,98.19035339,94.10289001,,
Middle East & North Africa,MEA,Trained teachers in lower secondary education (% of total teachers),SE.SEC.TCAQ.LO.ZS,,,,,,,,,,,,,,,,,,,,,,,,,,,,,,,,,,,,,,,,,,,,,,,,,,,,,83.11097717,83.10198212,85.22657776,85.40557098,84.56301117,87.23484039,88.93092346,88.89012146,88.95485687,
Mexico,MEX,Trained teachers in lower secondary education (% of total teachers),SE.SEC.TCAQ.LO.ZS,,,,,,,,,,,,,,,,,,,,,,,,,,,,,,,,,,,,,,,,,,,,,87.52127838,88.1483078,81.2895813,88.66777802,86.37503052,89.29666901,89.8130188,90.18756866,90.64655304,,,,,,,,,
Marshall Islands,MHL,Trained teachers in lower secondary education (% of total teachers),SE.SEC.TCAQ.LO.ZS,,,,,,,,,,,,,,,,,,,,,,,,,,,,,,,,,,,,,,,,,,,,,,,,,,,,,,,,,,,,48.42766953,46.91849136,
Middle income,MIC,Trained teachers in lower secondary education (% of total teachers),SE.SEC.TCAQ.LO.ZS,,,,,,,,,,,,,,,,,,,,,,,,,,,,,,,,,,,,,,,,,,,,,,,,,,,,,,,,85.99568939,83.96636963,84.17797089,83.63481903,84.19953156,84.54167175,
North Macedonia,MKD,Trained teachers in lower secondary education (% of total teachers),SE.SEC.TCAQ.LO.ZS,,,,,,,,,,,,,,,,,,,,,,,,,,,,,,,,,,,,,,,,,,,,,,,,,,,,,,,,,,,,,,
Mali,MLI,Trained teachers in lower secondary education (% of total teachers),SE.SEC.TCAQ.LO.ZS,,,,,,,,,,,,,,,,,,,,,,,,,,,,,,,,,,,,,,,,,,,,,,80,,,76.68647003,73.7227478,,72.45300293,,,,,,,55.41123962,,,
Malta,MLT,Trained teachers in lower secondary education (% of total teachers),SE.SEC.TCAQ.LO.ZS,,,,,,,,,,,,,,,,,,,,,,,,,,,,,,,,,,,,,,,,,,,,,,,,,,,,,,,,,,,,,,
Myanmar,MMR,Trained teachers in lower secondary education (% of total teachers),SE.SEC.TCAQ.LO.ZS,,,,,,,,,,,,,,,,,,,,,,,,,,,,,,,,,,,,,,,,62.09830093,62.09899902,57.50003815,59.99863052,,79.70031738,,93.80973053,96.00061035,97.00045776,94.5191803,98.34883118,,,,93.24893188,,89.14495087,93.55702209,89.54432678,,,
Middle East & North Africa (excluding high income),MNA,Trained teachers in lower secondary education (% of total teachers),SE.SEC.TCAQ.LO.ZS,,,,,,,,,,,,,,,,,,,,,,,,,,,,,,,,,,,,,,,,,,,,,,,,,,,,,80.43450165,79.90232086,82.42121124,82.70600891,81.895401,85.248909,87.22099304,87.28797913,87.26242828,
Montenegro,MNE,Trained teachers in lower secondary education (% of total teachers),SE.SEC.TCAQ.LO.ZS,,,,,,,,,,,,,,,,,,,,,,,,,,,,,,,,,,,,,,,,,,,,,,,,,,,,,,,,,,,,,,
Mongolia,MNG,Trained teachers in lower secondary education (% of total teachers),SE.SEC.TCAQ.LO.ZS,,,,,,,,,,,,,,,,,,,,,,,,,,,,,,,,,,,,,,,100,100,100,100,100,100,100,100,100,100,,,,,,,,,,,,,,
Northern Mariana Islands,MNP,Trained teachers in lower secondary education (% of total teachers),SE.SEC.TCAQ.LO.ZS,,,,,,,,,,,,,,,,,,,,,,,,,,,,,,,,,,,,,,,,,,,,,,,,,,,,,,,,,,,,,,
Mozambique,MOZ,Trained teachers in lower secondary education (% of total teachers),SE.SEC.TCAQ.LO.ZS,,,,,,,,,,,,,,,,,,,,,,,,,,,,,,,,,,,,,,,,,,,,,,,60.41062927,57.51511002,61.70095825,,,,,85.24292755,,,,,,,97.05091095,
Mauritania,MRT,Trained teachers in lower secondary education (% of total teachers),SE.SEC.TCAQ.LO.ZS,,,,,,,,,,,,,,,,,,,,,,,,,,,,,,,,,,,,,,,,,,,,63.29114151,,,100,100,100,100,,100,,,100,100,,,,93.01454163,,
Mauritius,MUS,Trained teachers in lower secondary education (% of total teachers),SE.SEC.TCAQ.LO.ZS,,,,,,,,,,,,,,,,,,,,,,,,,,,,,,,,,,,,,,,,,,,,,,,,,,,,,,,,,,,,,,
Malawi,MWI,Trained teachers in lower secondary education (% of total teachers),SE.SEC.TCAQ.LO.ZS,,,,,,,,,,,,,,,,,,,,,,,,,,,,,,,,,,,,,,,,,,,,,,,,,,,,,,,,,,,,,,
Malaysia,MYS,Trained teachers in lower secondary education (% of total teachers),SE.SEC.TCAQ.LO.ZS,,,,,,,,,,,,,,,,,,,,,,,,,,,,,,,,,,,,,,,,,,,,,,,,,,,,,,,,,,,,,,
North America,NAC,Trained teachers in lower secondary education (% of total teachers),SE.SEC.TCAQ.LO.ZS,,,,,,,,,,,,,,,,,,,,,,,,,,,,,,,,,,,,,,,,,,,,,,,,,,,,,,,,,,,,98.75660706,98.79216766,
Namibia,NAM,Trained teachers in lower secondary education (% of total teachers),SE.SEC.TCAQ.LO.ZS,,,,,,,,,,,,,,,,,,,,,,,,,,,,,,,,,,,,,,,,,,,,,,,,,,,,,,,,,,,,,,
New Caledonia,NCL,Trained teachers in lower secondary education (% of total teachers),SE.SEC.TCAQ.LO.ZS,,,,,,,,,,,,,,,,,,,,,,,,,,,,,,,,,,,,,,,,,,,,,,,,,,,,,,,,,,,,,,
Niger,NER,Trained teachers in lower secondary education (% of total teachers),SE.SEC.TCAQ.LO.ZS,,,,,,,,,,,,,,,,,,,,,,,,,,,,,,,,,,,,,,,,,,,,30.01651955,30.80253029,,19.60186958,,15.60208035,,13.68570995,,,,,,,,,,,20.3902607
Nigeria,NGA,Trained teachers in lower secondary education (% of total teachers),SE.SEC.TCAQ.LO.ZS,,,,,,,,,,,,,,,,,,,,,,,,,,,,,,,,,,,,,,,,,,,,,,,70.72093964,,,,85.00630951,,,,,,,,76.3081131,,,
Nicaragua,NIC,Trained teachers in lower secondary education (% of total teachers),SE.SEC.TCAQ.LO.ZS,,,,,,,,,,,,,,,,,,,,,,,,,,,,,,,,,,,,,,,,47.80350876,43.69947052,43.70643997,,,42.43907928,49.44623947,48.90116119,59.30208969,57.15221024,,,,,,,,,,,,,
Netherlands,NLD,Trained teachers in lower secondary education (% of total teachers),SE.SEC.TCAQ.LO.ZS,,,,,,,,,,,,,,,,,,,,,,,,,,,,,,,,,,,,,,,,,,,,,,,,,,,,,,,,,,,,,,
Norway,NOR,Trained teachers in lower secondary education (% of total teachers),SE.SEC.TCAQ.LO.ZS,,,,,,,,,,,,,,,,,,,,,,,,,,,,,,,,,,,,,,,,,,,,,,,,,,,,,,,,,,,,,,
Nepal,NPL,Trained teachers in lower secondary education (% of total teachers),SE.SEC.TCAQ.LO.ZS,,,,,,,,,,,,,,,,,,,,,,,,,,,,,,,,,,,,,,,,32.79475021,32.6449585,,27.87689972,25.79545021,,,,46.44517136,52.34563065,,57.18223953,99.96958923,77.27030945,100,79.8578949,84.93380737,81.8962326,89.48284149,,85.40235138,85.98986816,85.98986816
Nauru,NRU,Trained teachers in lower secondary education (% of total teachers),SE.SEC.TCAQ.LO.ZS,,,,,,,,,,,,,,,,,,,,,,,,,,,,,,,,,,,,,,,,,,,,,,,,,,,,,,,,,100,,,,,
New Zealand,NZL,Trained teachers in lower secondary education (% of total teachers),SE.SEC.TCAQ.LO.ZS,,,,,,,,,,,,,,,,,,,,,,,,,,,,,,,,,,,,,,,,,,,,,,,,,,,,,,,,,,,,,,
OECD members,OED,Trained teachers in lower secondary education (% of total teachers),SE.SEC.TCAQ.LO.ZS,,,,,,,,,,,,,,,,,,,,,,,,,,,,,,,,,,,,,,,,,,,,,,,,,,,,,,,,,,,,86.4997406,84.81213379,
Oman,OMN,Trained teachers in lower secondary education (% of total teachers),SE.SEC.TCAQ.LO.ZS,,,,,,,,,,,,,,,,,,,,,,,,,,,,,,,,,,,,,,,,99.93212891,100,100,,,,,,,,,,,,,,,,100,100,100,,
Other small states,OSS,Trained teachers in lower secondary education (% of total teachers),SE.SEC.TCAQ.LO.ZS,,,,,,,,,,,,,,,,,,,,,,,,,,,,,,,,,,,,,,,,,,,,,,,,,,,,,,,,69.80917358,,,,,,
Pakistan,PAK,Trained teachers in lower secondary education (% of total teachers),SE.SEC.TCAQ.LO.ZS,,,,,,,,,,,,,,,,,,,,,,,,,,,,,,,,,,,,,,,,,,,,,,,,,,,,,,,,61.2031517,57.88330841,54.5109787,58.20555878,58.58932877,,
Panama,PAN,Trained teachers in lower secondary education (% of total teachers),SE.SEC.TCAQ.LO.ZS,,,,,,,,,,,,,,,,,,,,,,,,,,,,,,,,,,,,,,,,74.05638123,80.35501862,92.78636932,81.01363373,,82.00254822,82.50367737,89.73298645,90.02242279,89.98715973,87.86335754,86.54933167,85.25601196,84.97383881,,93.77323914,94.01721954,94.01721954,94.01721954,,,,
Peru,PER,Trained teachers in lower secondary education (% of total teachers),SE.SEC.TCAQ.LO.ZS,,,,,,,,,,,,,,,,,,,,,,,,,,,,,,,,,,,,,,,,,,,,,,,,,,,,,,,,,,,,,,
Philippines,PHL,Trained teachers in lower secondary education (% of total teachers),SE.SEC.TCAQ.LO.ZS,,,,,,,,,,,,,,,,,,,,,,,,,,,,,,,,,,,,,,,,,,,,,,,,,,,,,,,,,100,100,100,100,100,
Palau,PLW,Trained teachers in lower secondary education (% of total teachers),SE.SEC.TCAQ.LO.ZS,,,,,,,,,,,,,,,,,,,,,,,,,,,,,,,,,,,,,,,,,,,,,,,,,,,,,,,,,,,,,,
Papua New Guinea,PNG,Trained teachers in lower secondary education (% of total teachers),SE.SEC.TCAQ.LO.ZS,,,,,,,,,,,,,,,,,,,,,,,,,,,,,,,,,,,,,,,,,,,,,,,,,,,,,100,,,,,,,,,
Poland,POL,Trained teachers in lower secondary education (% of total teachers),SE.SEC.TCAQ.LO.ZS,,,,,,,,,,,,,,,,,,,,,,,,,,,,,,,,,,,,,,,,,,,,,,,,,,,98.69999695,98.80000305,99,99.09999847,99.19999695,99.19999695,99.30000305,99.19999695,100,100,,
Pre-demographic dividend,PRE,Trained teachers in lower secondary education (% of total teachers),SE.SEC.TCAQ.LO.ZS,,,,,,,,,,,,,,,,,,,,,,,,,,,,,,,,,,,,,,,,,,,,,,79.44895172,,,65.88031769,61.27970886,,61.94075012,63.65795135,58.09069824,57.22452927,57.22275162,58.57468033,58.04459,58.6620903,59.38375092,,
Puerto Rico,PRI,Trained teachers in lower secondary education (% of total teachers),SE.SEC.TCAQ.LO.ZS,,,,,,,,,,,,,,,,,,,,,,,,,,,,,,,,,,,,,,,,,,,,,,,,,,,,,,,93.99941254,95.01216888,84.01825714,,,,,
"Korea, Dem. People's Rep.",PRK,Trained teachers in lower secondary education (% of total teachers),SE.SEC.TCAQ.LO.ZS,,,,,,,,,,,,,,,,,,,,,,,,,,,,,,,,,,,,,,,,,,,,,,,,,,,,,,,,,,,,,,
Portugal,PRT,Trained teachers in lower secondary education (% of total teachers),SE.SEC.TCAQ.LO.ZS,,,,,,,,,,,,,,,,,,,,,,,,,,,,,,,,,,,,,,,,,,,,,,,,,,,,,,,,,,,,,,
Paraguay,PRY,Trained teachers in lower secondary education (% of total teachers),SE.SEC.TCAQ.LO.ZS,,,,,,,,,,,,,,,,,,,,,,,,,,,,,,,,,,,,,,,,,,,,,,,,,,,,,85.90551758,,,,,,,,,
West Bank and Gaza,PSE,Trained teachers in lower secondary education (% of total teachers),SE.SEC.TCAQ.LO.ZS,,,,,,,,,,,,,,,,,,,,,,,,,,,,,,,,,,,,,,,,,,,,,,,,100,100,100,100,100,100,100,100,100,100,100,100,100,100,100
Pacific island small states,PSS,Trained teachers in lower secondary education (% of total teachers),SE.SEC.TCAQ.LO.ZS,,,,,,,,,,,,,,,,,,,,,,,,,,,,,,,,,,,,,,,,,,,,,,,,,,,,74.56487274,78.24880981,76.53556061,77.59355927,74.41113281,75.43477631,,,,,
Post-demographic dividend,PST,Trained teachers in lower secondary education (% of total teachers),SE.SEC.TCAQ.LO.ZS,,,,,,,,,,,,,,,,,,,,,,,,,,,,,,,,,,,,,,,,,,,,,,,,,,,,,,,,,,,,86.34657288,86.04828644,
French Polynesia,PYF,Trained teachers in lower secondary education (% of total teachers),SE.SEC.TCAQ.LO.ZS,,,,,,,,,,,,,,,,,,,,,,,,,,,,,,,,,,,,,,,,,,,,,,,,,,,,,,,,,,,,,,
Qatar,QAT,Trained teachers in lower secondary education (% of total teachers),SE.SEC.TCAQ.LO.ZS,,,,,,,,,,,,,,,,,,,,,,,,,,,,,,,,,,,,,,,,,,,,,,,72.75150299,64.23908997,54.73054123,,,,,,,100,100,100,100,100,100,100
Romania,ROU,Trained teachers in lower secondary education (% of total teachers),SE.SEC.TCAQ.LO.ZS,,,,,,,,,,,,,,,,,,,,,,,,,,,,,,,,,,,,,,,,,,,,,,,,,,,,,,,,,,,,,,
Russian Federation,RUS,Trained teachers in lower secondary education (% of total teachers),SE.SEC.TCAQ.LO.ZS,,,,,,,,,,,,,,,,,,,,,,,,,,,,,,,,,,,,,,,,,,,,,,,,,,,,,,,,,,,,,,
Rwanda,RWA,Trained teachers in lower secondary education (% of total teachers),SE.SEC.TCAQ.LO.ZS,,,,,,,,,,,,,,,,,,,,,,,,,,,,,,,,,,,,,,,,,,,,,,,,,,,,,,,,,,61.34397125,67.00904846,,,84.47348022
South Asia,SAS,Trained teachers in lower secondary education (% of total teachers),SE.SEC.TCAQ.LO.ZS,,,,,,,,,,,,,,,,,,,,,,,,,,,,,,,,,,,,,,,,,,,,,,,,,,,,,,,,81.6450882,73.78154755,72.29107666,69.82810974,73.00269318,75.97025299,
Saudi Arabia,SAU,Trained teachers in lower secondary education (% of total teachers),SE.SEC.TCAQ.LO.ZS,,,,,,,,,,,,,,,,,,,,,,,,,,,,,,,,,,,,,,,,,,,,,,,,,,,,,,100,100,100,100,100,100,100,100,100
Sudan,SDN,Trained teachers in lower secondary education (% of total teachers),SE.SEC.TCAQ.LO.ZS,,,,,,,,,,,,,,,,,,,,,,,,,,,,,,,,,,,,,,,,,,,,,,,,,,,,,,,,,,,,,,
Senegal,SEN,Trained teachers in lower secondary education (% of total teachers),SE.SEC.TCAQ.LO.ZS,,,,,,,,,,,,,,,,,,,,,,,,,,,,,,,,,,,,,,,,,,,,,,,,,,,,,,,,,,,,,81.33643341,79.20522308
Singapore,SGP,Trained teachers in lower secondary education (% of total teachers),SE.SEC.TCAQ.LO.ZS,,,,,,,,,,,,,,,,,,,,,,,,,,,,,,,,,,,,,,,,,,,,,,,,,,,,,,,,,,,,,,
Solomon Islands,SLB,Trained teachers in lower secondary education (% of total teachers),SE.SEC.TCAQ.LO.ZS,,,,,,,,,,,,,,,,,,,,,,,,,,,,,,,,,,,,,,,,,,,,,,,,,,,70.7692337,,,,,80.32691193,82.20429993,86.56356049,,93.92418671,,
Sierra Leone,SLE,Trained teachers in lower secondary education (% of total teachers),SE.SEC.TCAQ.LO.ZS,,,,,,,,,,,,,,,,,,,,,,,,,,,,,,,,,,,,,,,,,,,,,,,,,,,,59.02767181,60.74702835,64.32102966,,68.68736267,,,,72.04344177,71.87595367,81.44200897
El Salvador,SLV,Trained teachers in lower secondary education (% of total teachers),SE.SEC.TCAQ.LO.ZS,,,,,,,,,,,,,,,,,,,,,,,,,,,,,,,,,,,,,,,,,,,,94.18409729,93.65556335,92.83251953,92.02005768,91.30576324,89.61322784,92.98233795,,92.88829803,,,,93.48589325,93.56632996,93.28426361,93.16278076,,,
San Marino,SMR,Trained teachers in lower secondary education (% of total teachers),SE.SEC.TCAQ.LO.ZS,,,,,,,,,,,,,,,,,,,,,,,,,,,,,,,,,,,,,,,,,,,,,,,,,,,,,,,,,,,,,,0
Somalia,SOM,Trained teachers in lower secondary education (% of total teachers),SE.SEC.TCAQ.LO.ZS,,,,,,,,,,,,,,,,,,,,,,,,,,,,,,,,,,,,,,,,,,,,,,,,,,,,,,,,,,,,,,
Serbia,SRB,Trained teachers in lower secondary education (% of total teachers),SE.SEC.TCAQ.LO.ZS,,,,,,,,,,,,,,,,,,,,,,,,,,,,,,,,,,,,,,,,,,,,,,,,100,,92.72979736,,53.05458069,,,,,,,,,,
Sub-Saharan Africa (excluding high income),SSA,Trained teachers in lower secondary education (% of total teachers),SE.SEC.TCAQ.LO.ZS,,,,,,,,,,,,,,,,,,,,,,,,,,,,,,,,,,,,,,,,,,,,,,,74.3568573,66.60024261,65.90808105,62.17272186,66.55927277,62.31100082,63.49547958,58.54949188,57.67111969,57.34819031,58.60652161,58.31761932,59.22232056,59.73352051,,
South Sudan,SSD,Trained teachers in lower secondary education (% of total teachers),SE.SEC.TCAQ.LO.ZS,,,,,,,,,,,,,,,,,,,,,,,,,,,,,,,,,,,,,,,,,,,,,,,,,,,,44.33100128,,,,,,,,,,
Sub-Saharan Africa,SSF,Trained teachers in lower secondary education (% of total teachers),SE.SEC.TCAQ.LO.ZS,,,,,,,,,,,,,,,,,,,,,,,,,,,,,,,,,,,,,,,,,,,,,,,74.35578918,66.60093689,65.90846252,62.17301941,66.55831909,62.31106949,63.49478149,58.54954147,57.67074966,57.34748077,58.60515976,58.31636047,59.22080994,59.73146057,,
Small states,SST,Trained teachers in lower secondary education (% of total teachers),SE.SEC.TCAQ.LO.ZS,,,,,,,,,,,,,,,,,,,,,,,,,,,,,,,,,,,,,,,,,,,,,,,,,,,70.43888855,,,69.97258759,69.60456085,68.87207794,67.4226532,,,,,
Sao Tome and Principe,STP,Trained teachers in lower secondary education (% of total teachers),SE.SEC.TCAQ.LO.ZS,,,,,,,,,,,,,,,,,,,,,,,,,,,,,,,,,,,,,,,,,,,,,,,,,,,,37.59690094,34.48276138,,,,20.21604919,,,,,
Suriname,SUR,Trained teachers in lower secondary education (% of total teachers),SE.SEC.TCAQ.LO.ZS,,,,,,,,,,,,,,,,,,,,,,,,,,,,,,,,,,,,,,,,,,,,,,,,,,,79.05404663,83.22062683,83.97566223,83.05415344,80.8288269,84.0789032,82.58550262,83.7036972,86.59073639,,85.5491333,81.85894012
Slovak Republic,SVK,Trained teachers in lower secondary education (% of total teachers),SE.SEC.TCAQ.LO.ZS,,,,,,,,,,,,,,,,,,,,,,,,,,,,,,,,,,,,,,,,,,,,,,,,,,,,,,,96.40000153,,,,,,,
Slovenia,SVN,Trained teachers in lower secondary education (% of total teachers),SE.SEC.TCAQ.LO.ZS,,,,,,,,,,,,,,,,,,,,,,,,,,,,,,,,,,,,,,,,,,,,,,,,,,,,,,,,,,,,,,
Sweden,SWE,Trained teachers in lower secondary education (% of total teachers),SE.SEC.TCAQ.LO.ZS,,,,,,,,,,,,,,,,,,,,,,,,,,,,,,,,,,,,,,,,,,,,,,,,,,,,,,,,,,,,,,
Eswatini,SWZ,Trained teachers in lower secondary education (% of total teachers),SE.SEC.TCAQ.LO.ZS,,,,,,,,,,,,,,,,,,,,,,,,,,,,,,,,,,,,,,,,,,,,,,,,,,,,,,,,,,,,,,
Sint Maarten (Dutch part),SXM,Trained teachers in lower secondary education (% of total teachers),SE.SEC.TCAQ.LO.ZS,,,,,,,,,,,,,,,,,,,,,,,,,,,,,,,,,,,,,,,,,,,,,,,,,,,,,,,,,,,,,,
Seychelles,SYC,Trained teachers in lower secondary education (% of total teachers),SE.SEC.TCAQ.LO.ZS,,,,,,,,,,,,,,,,,,,,,,,,,,,,,,,,,,,,,,,,,,,,,,,,,,,,,,,,,,,,,,
Syrian Arab Republic,SYR,Trained teachers in lower secondary education (% of total teachers),SE.SEC.TCAQ.LO.ZS,,,,,,,,,,,,,,,,,,,,,,,,,,,,,,,,,,,,,,,,,,,,,,,,,,,,,,,,,,,,,,
Turks and Caicos Islands,TCA,Trained teachers in lower secondary education (% of total teachers),SE.SEC.TCAQ.LO.ZS,,,,,,,,,,,,,,,,,,,,,,,,,,,,,,,,,,,,,,,,100,,100,100,,,,,,,,,,,,,,,,,,,
Chad,TCD,Trained teachers in lower secondary education (% of total teachers),SE.SEC.TCAQ.LO.ZS,,,,,,,,,,,,,,,,,,,,,,,,,,,,,,,,,,,,,,,,,,,,,,,,,,,,,,,,37.56007004,39.51092148,,,,,
East Asia & Pacific (IDA & IBRD countries),TEA,Trained teachers in lower secondary education (% of total teachers),SE.SEC.TCAQ.LO.ZS,,,,,,,,,,,,,,,,,,,,,,,,,,,,,,,,,,,,,,,,,,,,,,,,,,,,,,,,,,,,,,
Europe & Central Asia (IDA & IBRD countries),TEC,Trained teachers in lower secondary education (% of total teachers),SE.SEC.TCAQ.LO.ZS,,,,,,,,,,,,,,,,,,,,,,,,,,,,,,,,,,,,,,,,,,,,,,,,,,,,,,,,,,,,,,
Togo,TGO,Trained teachers in lower secondary education (% of total teachers),SE.SEC.TCAQ.LO.ZS,,,,,,,,,,,,,,,,,,,,,,,,,,,,,,,,,,,,,,,,,,,,,,,,,,,,,,,,,,,,,,37.90493011
Thailand,THA,Trained teachers in lower secondary education (% of total teachers),SE.SEC.TCAQ.LO.ZS,,,,,,,,,,,,,,,,,,,,,,,,,,,,,,,,,,,,,,,,,,,,,,,,,,,,,,,,100,100,100,100,100,100,100
Tajikistan,TJK,Trained teachers in lower secondary education (% of total teachers),SE.SEC.TCAQ.LO.ZS,,,,,,,,,,,,,,,,,,,,,,,,,,,,,,,,,,,,,,,,,,,,93.95202637,,,,,,,,,,,,,,,,,,
Turkmenistan,TKM,Trained teachers in lower secondary education (% of total teachers),SE.SEC.TCAQ.LO.ZS,,,,,,,,,,,,,,,,,,,,,,,,,,,,,,,,,,,,,,,,,,,,,,,,,,,,,,,,,,,,,,
Latin America & the Caribbean (IDA & IBRD countries),TLA,Trained teachers in lower secondary education (% of total teachers),SE.SEC.TCAQ.LO.ZS,,,,,,,,,,,,,,,,,,,,,,,,,,,,,,,,,,,,,,,,,,,,,,,,81.88082886,,79.64421082,,,79.2802887,,,,,,80.07801819,79.89135742,80.57163239,
Timor-Leste,TLS,Trained teachers in lower secondary education (% of total teachers),SE.SEC.TCAQ.LO.ZS,,,,,,,,,,,,,,,,,,,,,,,,,,,,,,,,,,,,,,,,,,,,,,,,,,,,,,,,,,,,,,
Middle East & North Africa (IDA & IBRD countries),TMN,Trained teachers in lower secondary education (% of total teachers),SE.SEC.TCAQ.LO.ZS,,,,,,,,,,,,,,,,,,,,,,,,,,,,,,,,,,,,,,,,,,,,,,,,,,,,,79.9568634,79.3642807,81.9254303,82.22112274,81.37528229,84.83744049,86.86425018,86.90688324,86.88115692,
Tonga,TON,Trained teachers in lower secondary education (% of total teachers),SE.SEC.TCAQ.LO.ZS,,,,,,,,,,,,,,,,,,,,,,,,,,,,,,,,,,,,,,,90.84506989,,,,,,,,,,,,,,,,,,,,,,,
South Asia (IDA & IBRD),TSA,Trained teachers in lower secondary education (% of total teachers),SE.SEC.TCAQ.LO.ZS,,,,,,,,,,,,,,,,,,,,,,,,,,,,,,,,,,,,,,,,,,,,,,,,,,,,,,,,81.6450882,73.78154755,72.29107666,69.82810974,73.00269318,75.97025299,
Sub-Saharan Africa (IDA & IBRD countries),TSS,Trained teachers in lower secondary education (% of total teachers),SE.SEC.TCAQ.LO.ZS,,,,,,,,,,,,,,,,,,,,,,,,,,,,,,,,,,,,,,,,,,,,,,,74.35578918,66.60093689,65.90846252,62.17301941,66.55831909,62.31106949,63.49478149,58.54954147,57.67074966,57.34748077,58.60515976,58.31636047,59.22080994,59.73146057,,
Trinidad and Tobago,TTO,Trained teachers in lower secondary education (% of total teachers),SE.SEC.TCAQ.LO.ZS,,,,,,,,,,,,,,,,,,,,,,,,,,,,,,,,,,,,,,,,52.41186905,52.39886856,55.39841843,57.39627838,58.00284958,,,,42.10268021,,40.37754059,,,,,,,,,,,,
Tunisia,TUN,Trained teachers in lower secondary education (% of total teachers),SE.SEC.TCAQ.LO.ZS,,,,,,,,,,,,,,,,,,,,,,,,,,,,,,,,,,,,,,,,,,,,,,,,,,,,,,,,,,100,100,,100,
Turkiye,TUR,Trained teachers in lower secondary education (% of total teachers),SE.SEC.TCAQ.LO.ZS,,,,,,,,,,,,,,,,,,,,,,,,,,,,,,,,,,,,,,,,,,,,,,,,,,,,,,,,,,,,,,
Tuvalu,TUV,Trained teachers in lower secondary education (% of total teachers),SE.SEC.TCAQ.LO.ZS,,,,,,,,,,,,,,,,,,,,,,,,,,,,,,,,,,,,,,,,,,,,,,,,,,,,,,,,,52.43901825,,67.10526276,,,
Tanzania,TZA,Trained teachers in lower secondary education (% of total teachers),SE.SEC.TCAQ.LO.ZS,,,,,,,,,,,,,,,,,,,,,,,,,,,,,,,,,,,,,,,,,,,,,,,,,,,,,,,,,,,,,,
Uganda,UGA,Trained teachers in lower secondary education (% of total teachers),SE.SEC.TCAQ.LO.ZS,,,,,,,,,,,,,,,,,,,,,,,,,,,,,,,,,,,,,,,,,,,,,,,,,,,,,,,,,,,,,,
Ukraine,UKR,Trained teachers in lower secondary education (% of total teachers),SE.SEC.TCAQ.LO.ZS,,,,,,,,,,,,,,,,,,,,,,,,,,,,,,,,,,,,,,,,,,,,,,,,,,,,,,,,,,,,,,
Upper middle income,UMC,Trained teachers in lower secondary education (% of total teachers),SE.SEC.TCAQ.LO.ZS,,,,,,,,,,,,,,,,,,,,,,,,,,,,,,,,,,,,,,,,,,,,,,,,,,,,,,,,,,,,,,
Uruguay,URY,Trained teachers in lower secondary education (% of total teachers),SE.SEC.TCAQ.LO.ZS,,,,,,,,,,,,,,,,,,,,,,,,,,,,,,,,,,,,,,,,,,,,,,,,,,,,65.51151276,67.16375732,67.06427765,69.11534119,69.69773102,69.37386322,68.19107819,72.08769226,63.66787338,66.32694244,
United States,USA,Trained teachers in lower secondary education (% of total teachers),SE.SEC.TCAQ.LO.ZS,,,,,,,,,,,,,,,,,,,,,,,,,,,,,,,,,,,,,,,,,,,,,,,,,,,,,,,,,,,,,100,
Uzbekistan,UZB,Trained teachers in lower secondary education (% of total teachers),SE.SEC.TCAQ.LO.ZS,,,,,,,,,,,,,,,,,,,,,,,,,,,,,,,,,,,,,,,,,,,,,,,,,,,,,,,,,,99.01275635,,,,
St. Vincent and the Grenadines,VCT,Trained teachers in lower secondary education (% of total teachers),SE.SEC.TCAQ.LO.ZS,,,,,,,,,,,,,,,,,,,,,,,,,,,,,,,,,,,,,,,,,,58.94736862,54.18059921,50.32051086,53.80952072,,,,55.71031189,49.36248016,64.30259705,,,,,,,,,,,
"Venezuela, RB",VEN,Trained teachers in lower secondary education (% of total teachers),SE.SEC.TCAQ.LO.ZS,,,,,,,,,,,,,,,,,,,,,,,,,,,,,,,,,,,,,,,,,,,,,,,,,,,,,,,,,,,,,,
British Virgin Islands,VGB,Trained teachers in lower secondary education (% of total teachers),SE.SEC.TCAQ.LO.ZS,,,,,,,,,,,,,,,,,,,,,,,,,,,,,,,,,,,,,,,,58.02468872,,,,71.5686264,,,,,,,,,,,,,,,,,,
Virgin Islands (U.S.),VIR,Trained teachers in lower secondary education (% of total teachers),SE.SEC.TCAQ.LO.ZS,,,,,,,,,,,,,,,,,,,,,,,,,,,,,,,,,,,,,,,,,,,,,,,,,,,,,,,,,,,,,,
Vietnam,VNM,Trained teachers in lower secondary education (% of total teachers),SE.SEC.TCAQ.LO.ZS,,,,,,,,,,,,,,,,,,,,,,,,,,,,,,,,,,,,,,,,86.19007111,86.31813812,90.84014893,91.19313812,,,94.58984375,97.46559143,97.98886108,98.20021057,97.08231354,99.06437683,99.23474884,99.07714844,,100,99.57740021,99.48999023,98.97862244,99.01833344,99.56408691,99.88562012,83.27438354
Vanuatu,VUT,Trained teachers in lower secondary education (% of total teachers),SE.SEC.TCAQ.LO.ZS,,,,,,,,,,,,,,,,,,,,,,,,,,,,,,,,,,,,,,,,,,,,,,,,,,,,,,,,21.47164917,,,,,,
World,WLD,Trained teachers in lower secondary education (% of total teachers),SE.SEC.TCAQ.LO.ZS,,,,,,,,,,,,,,,,,,,,,,,,,,,,,,,,,,,,,,,,,,,,,,,,,,,,,,,,,84.01473999,84.36818695,83.59699249,83.81446075,83.80439758,
Samoa,WSM,Trained teachers in lower secondary education (% of total teachers),SE.SEC.TCAQ.LO.ZS,,,,,,,,,,,,,,,,,,,,,,,,,,,,,,,,,,,,,,,,,,,,,,,,,,,,,,,,,,,,,,
Kosovo,XKX,Trained teachers in lower secondary education (% of total teachers),SE.SEC.TCAQ.LO.ZS,,,,,,,,,,,,,,,,,,,,,,,,,,,,,,,,,,,,,,,,,,,,,,,,,,,,,,,,,,,,,,
"Yemen, Rep.",YEM,Trained teachers in lower secondary education (% of total teachers),SE.SEC.TCAQ.LO.ZS,,,,,,,,,,,,,,,,,,,,,,,,,,,,,,,,,,,,,,,,,,,,,,,,,,,,,,,,,,,,,,
South Africa,ZAF,Trained teachers in lower secondary education (% of total teachers),SE.SEC.TCAQ.LO.ZS,,,,,,,,,,,,,,,,,,,,,,,,,,,,,,,,,,,,,,,,,,,,,,,,,,,,,,,,,,,,,,
Zambia,ZMB,Trained teachers in lower secondary education (% of total teachers),SE.SEC.TCAQ.LO.ZS,,,,,,,,,,,,,,,,,,,,,,,,,,,,,,,,,,,,,,,81.9571228,94.15297699,,,,,,,,,,,,,92.65371704,,,,,,,,,
Zimbabwe,ZWE,Trained teachers in lower secondary education (% of total teachers),SE.SEC.TCAQ.LO.ZS,,,,,,,,,,,,,,,,,,,,,,,,,,,,,,,,,,,,,,,,,,,,,,,,,,,,,,,,,,,,,,
